id,lastSalePrice,lastSaleDate
"6522-28th-Ave,-Kenosha,-WI-53143",194400.0,2022-03-17
"20422-W-Legend-Trl,-Buckeye,-AZ-85396",654551.0,2022-02-08
"1041-Scaleybark-Rd,-Charlotte,-NC-28209",29000.0,2018-11-28
"2352-Sw-5th-St,-Apt-16,-Miami,-FL-33135",0.0,unknown
"2301-S-Austin-Ave,-Ste-5,-Denison,-TX-75020",0.0,unknown
"51-Birdsong-Pkwy,-Orchard-Park,-NY-14127",99900.0,2005-08-30
"113-Oak-Ave,-Bellmawr,-NJ-08031",0.0,unknown
"11875-Westview-Pkwy,-San-Diego,-CA-92126",0.0,unknown
"8715-Shadow-Crest-St,-Houston,-TX-77074",0.0,2018-10-08
"4465-Boca-Way,-Spc-137,-Reno,-NV-89502",0.0,unknown
"815-Kendall-St,-Port-Orchard,-WA-98366",335000.0,2021-11-08
"7002-Lakeview-Dr,-Unit-101,-San-Antonio,-TX-78244",0.0,unknown
"1009-Mechanic-St,-Bethlehem,-PA-18015",35000.0,2016-01-29
"3665-Whispering-Pines-Loop-S,-Delaware,-OH-43015",474498.0,2020-03-17
"705-Chapel-Rd,-Glenside,-PA-19038",330000.0,2015-08-05
"54-Albero-Ct,-Rancho-Palos-Verdes,-CA-90275",830008.0,1995-12-22
"53-Oakland-Ave,-Hanover,-MA-02339",0.0,unknown
"13343-Sunkiss-Loop,-Windermere,-FL-34786",227800.0,2005-06-21
"9245-W-Ira-St,-Tucson,-AZ-85735",0.0,unknown
"50-E-Bellevue-Pl,-Apt-2105,-Chicago,-IL-60611",18000.0,2014-02-07
"5129-N-Newton-Cir,-Park-City,-KS-67219",0.0,unknown
"1641-Old-Orchard-Ln,-Seabrook,-TX-77586",0.0,unknown
"328-Union-Ave,-Runnemede,-NJ-08078",290000.0,2023-01-31
"877-Brosmer-Dr,-Reynoldsburg,-OH-43068",340000.0,2021-07-08
"3222-W-Myrtle-Ave,-Phoenix,-AZ-85051",0.0,unknown
"24417-Twin-Lake-Dr,-Land-O-Lakes,-FL-34639",125000.0,2013-03-25
"624-N-Main-St,-Kewaunee,-WI-54216",0.0,unknown
"141-S-670-E,-Pleasant-Grove,-UT-84062",0.0,2018-06-29
"41-Mary-St,-West-Jefferson,-OH-43162",87500.0,2013-09-03
"7807-Golf-Circle-Dr,-Apt-206,-Margate,-FL-33063",0.0,unknown
"6449-Wetherole-St,-Apt-2I,-Rego-Park,-NY-11374",0.0,unknown
"3350-Mcfaddin-St,-Apt-27,-Beaumont,-TX-77706",0.0,unknown
"510-S-Irena-Ave,-Redondo-Beach,-CA-90277",2250000.0,2015-04-28
"713-Mainsail-Dr,-Tampa,-FL-33602",300000.0,2020-09-15
"113-Obregon-St,-San-Antonio,-TX-78207",0.0,2022-03-14
"1632-River-Oaks-Dr,-Irving,-TX-75060",0.0,2003-08-21
"2718-Bettis-Ave,-Wasco,-CA-93280",28000.0,2010-11-22
"337-Early-Rd,-Columbia,-TN-38401",0.0,unknown
"1025-Martin-Luther-King-Jr-Dr,-Asheboro,-NC-27203",0.0,unknown
"625-Hidden-Cove-Dr,-Princeton,-TX-75407",0.0,2020-08-05
"1901-N-River-Rd,-Algonquin,-IL-60102",0.0,unknown
"8600-Douglas-Ave,-Dallas,-TX-75225",0.0,2011-12-28
"1615-Mariah-Way-E,-Fort-Walton-Beach,-FL-32547",42400.0,1993-03-01
"134-Danforth-Dr,-Port-Charlotte,-FL-33980",40000.0,2019-10-07
"3813-Octavia-Ln,-Round-Rock,-TX-78681",0.0,2010-06-29
"235th-St-W,-Rosamond,-CA-93560",0.0,unknown
"21515-Fairhaven-Creek-Dr,-Cypress,-TX-77433",0.0,2014-10-01
"14405-Hardtree-Dr,-Lake-Hughes,-CA-93532",0.0,unknown
"3011-Nova-Scotia-Ln,-Melbourne,-FL-32935",179900.0,2017-05-11
"106-Ada-St,-West-Monroe,-LA-71291",0.0,unknown
"11114-Marbel-Ave,-Downey,-CA-90241",0.0,unknown
"717-Gee-St,-Salinas,-CA-93905",0.0,unknown
"1907-Arbor-Vista-Dr,-Charlotte,-NC-28262",228000.0,2005-12-30
"Marsh-View-Dr,-Lot-1,-Townsend,-GA-31331",0.0,unknown
"1009-W-Blaine-St,-Seattle,-WA-98119",804000.0,2020-11-17
"110-3rd-Ave,-Apt-3,-St-Pete-Beach,-FL-33706",0.0,unknown
"502-1st-St-N,-Texas-City,-TX-77590",0.0,unknown
"23330-Westheimer-Pkwy,-Katy,-TX-77494",0.0,2004-08-31
"10425-Hopcraft-Rd,-Onondaga,-MI-49264",0.0,unknown
"247-Candytuft-Rd,-Reisterstown,-MD-21136",13900.0,1967-06-06
"1775-N-Lafayette-St,-Unit-1,-Denver,-CO-80218",0.0,unknown
"15441-Sabillasville-Rd,-Blue-Ridge-Summit,-PA-17214",0.0,unknown
"6-Penny-Ln,-Scarsdale,-NY-10583",1550000.0,2020-09-15
"28-Asbury-Rd,-Asheville,-NC-28804",478500.0,2013-07-19
"653-Cross-Keys-Rd,-Sicklerville,-NJ-08081",0.0,unknown
"118-Glavera-Ave-NE,-Canton,-OH-44704",0.0,unknown
"25117-Plantation-Dr-NE,-Atlanta,-GA-30324",291800.0,2019-06-06
"4252-N-Teutonia-Ave,-Apt-201,-Milwaukee,-WI-53209",0.0,unknown
"161-Kaylor-Rd,-Pittsburgh,-PA-15237",0.0,unknown
"6750-Us-Hwy,-27-N-Apt-C23,-Sebring,-FL-33870",63000.0,2014-04-25
"172-Parkrose-Dr,-Buda,-TX-78610",0.0,2017-02-01
"6-Quail-Path,-Liverpool,-NY-13090",134000.0,2016-06-07
"2520-Woodside-Dr,-Lewisville,-TX-75077",0.0,2021-06-03
"10742-W-Flower-St,-Avondale,-AZ-85392",284000.0,2020-11-19
"2523-Spring-St,-Pittsburgh,-PA-15210",0.0,unknown
"59274-Herwig-Rd,-Trlr-47,-Slidell,-LA-70461",0.0,unknown
"14400-Vose-St,-Apt-203,-Van-Nuys,-CA-91405",0.0,unknown
"1620-S-Chance-Ave,-Apt-117,-Fresno,-CA-93702",0.0,unknown
"9350-S-Cimarron-Rd,-Unit-2080,-Las-Vegas,-NV-89178",0.0,unknown
"1433-Royer-St,-Des-Moines,-IA-50316",70000.0,2003-08-04
"8099-Bridle-Path-Cir,-Jurupa-Valley,-CA-92509",63500.0,2013-10-09
"12615-Huntingwick-Dr,-Houston,-TX-77024",0.0,2011-01-13
"3711-Landon-Park-Dr,-Katy,-TX-77449",0.0,2002-05-28
"4312-Airport-Blvd,-Austin,-TX-78722",0.0,unknown
"2028-Kays-Mill-Rd,-Finksburg,-MD-21048",55000.0,1989-03-22
"1344-Stuart-St,-Denver,-CO-80204",0.0,unknown
"6252-N-Lee-St,-Apt-14,-Morrow,-GA-30260",0.0,unknown
"1068-Ringwood-Ave,-Ste-1,-Haskell,-NJ-07420",0.0,unknown
"13068-E-Adams-Rd,-Hammond,-LA-70403",179500.0,2012-12-18
"5161-Bluegrass-Trl,-Grovetown,-GA-30813",170000.0,2015-11-04
"2235-Catamaran-Dr,-Lake-Havasu-City,-AZ-86404",0.0,unknown
"401-S-El-Cielo-Rd,-Unit-176,-Palm-Springs,-CA-92262",0.0,unknown
"2945-W-Peterson-Ave---B,-Chicago,-IL-60659",0.0,unknown
"2127-Green-St,-Philadelphia,-PA-19130",268400.0,1999-05-07
"306-Upper-Mountain-Ave,-Montclair,-NJ-07043",0.0,unknown
"385-Piermont-Ave,-Hillsdale,-NJ-07642",465000.0,2022-01-11
"8507-Sagestone-Ct,-Houston,-TX-77095",0.0,2008-12-22
"11319-Corum-St,-Houston,-TX-77089",0.0,unknown
"302-Sagebrush,-Pharr,-TX-78577",0.0,2020-11-03
"258-W-Nicklaus-Ave,-Kalispell,-MT-59901",0.0,unknown
"139-Seabreeze-Dr,-Murrells-Inlet,-SC-29576",85000.0,1998-07-21
"114-E-Oak-St,-Palmyra,-PA-17078",170000.0,2008-03-25
"1512-N-Florence-Pl,-Tulsa,-OK-74110",30000.0,2019-05-03
"11890-W-135th-St,-Overland-Park,-KS-66221",0.0,unknown
"11209-Fetterly-Rd-W,-Hopkins,-MN-55305",350000.0,1999-12-21
"1465-Culpepper-Dr,-Naperville,-IL-60540",371000.0,2013-07-02
"2722-Halsey-Dr,-Flower-Mound,-TX-75028",0.0,2005-08-04
"6261-E-Canyon-Crossing-Dr,-Nampa,-ID-83687",0.0,2020-04-23
"26076-Weigel-Rd,-New-Boston,-MI-48164",0.0,unknown
"16-Sylvester-St,-Manchester,-NH-03102",0.0,unknown
"10527-Driver-Ave,-Saint-Louis,-MO-63114",0.0,2002-04-24
"716-N-Atlanta-St,-Owasso,-OK-74055",80000.0,2001-09-04
"123-Wayward-Dr,-Durham,-NC-27703",0.0,unknown
"402-Shady-Oaks-Cir,-Denton,-TX-76208",0.0,unknown
"59604-Plum-Nearly-Rd,-Bogalusa,-LA-70427",0.0,unknown
"105-Hickory-Hills-Dr,-Murfreesboro,-TN-37128",0.0,unknown
"955-Eudora-St,-Apt-1603,-Denver,-CO-80220",0.0,unknown
"321-323-Shore-Dr,-Apt-16---UNIT-23,-Highlands,-NJ-07732",70000.0,2001-10-04
"490-Hoffman-Ave,-Apt-311,-Trenton,-NJ-08618",0.0,unknown
"108-S-Ellyn-Ave,-Glen-Ellyn,-IL-60137",0.0,unknown
"1025-E-Young-St,-Longview,-TX-75602",0.0,2019-11-15
"21423-Old-Owen-Rd,-Monroe,-WA-98272",0.0,unknown
"7440-N-Hermitage-Ave,-Apt-3G,-Chicago,-IL-60626",123000.0,2020-12-04
"888-E-Quincy-Ave,-Englewood,-CO-80113",1100000.0,2018-11-01
"444-Niu-St,-Apt-3405A,-Honolulu,-HI-96815",0.0,unknown
"4751-Hamburg-St,-Las-Vegas,-NV-89147",144230.0,2003-07-15
"10504-Lord-Dr,-Saint-Louis,-MO-63136",54900.0,2012-01-17
"2304-Oak-Ln,-Ste-236,-Grand-Prairie,-TX-75051",0.0,unknown
"1112-Stoeber-Ave,-Sarasota,-FL-34232",365000.0,2023-01-20
"5212-Ne-37th-St,-Kansas-City,-MO-64117",0.0,unknown
"707-S-Windsor-St,-Windsor,-MO-65360",0.0,1986-06-01
"50-W-34th-St,-Unit-09A11,-Manhattan,-NY-10001",0.0,unknown
"3403-Memel-St,-Apt-C,-Houston,-TX-77026",0.0,unknown
"705-Huron-Hl,-Madison,-WI-53711",0.0,unknown
"1400-H-G-Mosley-Pkwy,-Apt-907,-Longview,-TX-75604",0.0,unknown
"4913-S-Narcissus-Ave,-Broken-Arrow,-OK-74011",114010.0,2009-10-05
"233-Ligustrum-Ln,-Apt-204,-Merritt-Island,-FL-32953",0.0,unknown
"19043-Island-View-Dr,-Mora,-MN-55051",0.0,unknown
"3329-Highway,-1045,-Amite,-LA-70422",0.0,unknown
"2426-Summit-View-St,-Grand-Prairie,-TX-75050",0.0,2008-02-25
"8250-Forsyth-Blvd,-Unit-209,-Clayton,-MO-63105",0.0,unknown
"PO-Box-93372,-Las-Vegas,-NV-89193",0.0,unknown
"1523-E-204th-St,-Euclid,-OH-44117",42000.0,2019-05-17
"716-S-Highland-St,-Arlington,-VA-22204",835000.0,2021-10-07
"177-Jupiter-Trl,-Weatherford,-TX-76088",0.0,unknown
"721-N-Atlantic-Ave,-Pittsburgh,-PA-15224",20000.0,2015-04-29
"116-Richmond-Dr,-Fairview-Heights,-IL-62208",18000.0,2021-07-09
"801-Vance-St-E,-Wilson,-NC-27893",0.0,unknown
"10611-Drexel-Ave,-Cleveland,-OH-44108",0.0,unknown
"10844-Collins-St,-North-Hollywood,-CA-91601",0.0,unknown
"1802-Commercial-St,-Steilacoom,-WA-98388",0.0,unknown
"1110-Sw-48th-Ter,-Apt-A201,-Cape-Coral,-FL-33914",0.0,unknown
"8903-C-E-King-Pkwy,-Trlr-108,-Houston,-TX-77044",0.0,unknown
"14449-Fox-St,-Mission-Hills,-CA-91345",0.0,unknown
"816-Ash-St,-Burleson,-TX-76028",0.0,2005-10-28
"941-Stratford-Ave,-Sweetwater,-TN-37874",0.0,unknown
"26-Pleasant-St,-Apt-2,-Cambridge,-MA-02139",0.0,unknown
"5810-Lalor-Dr,-San-Jose,-CA-95123",0.0,unknown
"1258-Lago-Vista-Dr,-Beverly-Hills,-CA-90210",0.0,unknown
"1689-Mclain-Rd-NW,-Acworth,-GA-30101",172000.0,1993-04-06
"46-Planters-Cir,-Beaufort,-SC-29907",105000.0,1993-01-26
"100-Grant-Ave,-Apt-306,-Duquesne,-PA-15110",0.0,unknown
"4022-Sparrow-Rock-St,-Las-Vegas,-NV-89129",320348.0,2005-05-13
"6238-Pelican-Coral,-San-Antonio,-TX-78244",0.0,2002-03-15
"2171-W-Sunset-Surprise-Ct,-Tucson,-AZ-85742",250000.0,2006-08-29
"1060-W-Hollywood-Ave,-Apt-501,-Chicago,-IL-60660",105000.0,2023-07-12
"6057-Magellan-Rd,-Jacksonville,-FL-32222",155000.0,2008-08-27
"975-Pine-Ridge-Dr,-Plantation,-FL-33317",14500.0,1968-02-01
"14612-S-St,-Omaha,-NE-68137",0.0,unknown
"1102-E-Hickory-St,-Denton,-TX-76205",0.0,unknown
"8944-Candice-Lee-Ct,-Las-Vegas,-NV-89149",115000.0,2012-12-19
"2335-Avellino-Ave,-Saint-Cloud,-FL-34771",242900.0,2016-05-24
"711-Penny-Ln,-Trussville,-AL-35173",113500.0,2020-04-14
"1179-Abernathy-Rd,-Ashland-City,-TN-37015",183000.0,2017-05-23
"4855-Orleans-Ln-N,-Minneapolis,-MN-55442",0.0,unknown
"212-Anderson-St,-Piedmont,-SC-29673",0.0,unknown
"3117-Brentwood-Dr,-Grand-Island,-NE-68801",315000.0,2021-05-17
"2623-S-Andrews-Ln,-San-Bernardino,-CA-92408",187000.0,2012-08-31
"715-S-Alton-Way,-Unit-7C,-Denver,-CO-80247",0.0,unknown
"PO-Box-3387,-Conway,-SC-29528",0.0,unknown
"9782-S-182nd-Dr,-Goodyear,-AZ-85338",385000.0,2019-12-19
"15-Clematis-Ave,-Waterbury,-CT-06708",0.0,unknown
"7336-E-Norwood-St,-Mesa,-AZ-85207",433000.0,2020-11-19
"840-Sacramento-Ave,-Apt-340,-West-Sacramento,-CA-95605",0.0,unknown
"34-Ashley-Ave,-Charleston,-SC-29401",1110000.0,2020-08-14
"613-Jumbuck-Ln,-Bakersfield,-CA-93307",157500.0,2014-03-28
"122-Mckeel-Ave,-Tarrytown,-NY-10591",825000.0,2020-01-15
"7920-Seville-Pl,-Apt-1904,-Boca-Raton,-FL-33433",114000.0,1999-06-25
"134-Partridge-Cir,-Carlisle,-PA-17013",89900.0,1991-10-10
"3958-N-Albina-Ave,-Portland,-OR-97227",0.0,unknown
"1901-S-Henry-Ln,-Gilbert,-AZ-85295",399674.0,2018-12-28
"1337-Banks-St,-Houston,-TX-77006",0.0,unknown
"2120-Dogwood-Dr,-Sevierville,-TN-37876",481850.0,2021-07-16
"1602-Yeomans-Path,-Lakeland,-FL-33809",250000.0,2006-03-06
"3410-E-Janice-St,-Long-Beach,-CA-90805",0.0,unknown
"34-Prospect-St,-Roosevelt,-NY-11575",107000.0,1988-07-19
"5071-Elrose-Ave,-San-Jose,-CA-95124",1355000.0,2019-09-19
"25306-Saddlebrook-Ranch-Dr,-Tomball,-TX-77375",1300.0,2011-06-29
"14680-Nw-66th-Ter,-Kansas-City,-MO-64152",0.0,2015-01-08
"202-Petunia-Dr,-Griffin,-GA-30223",306346.0,2017-06-27
"8510-West-St,-Houston,-TX-77093",0.0,2022-07-05
"8085-Caminito-De-Pizza,-Unit-L,-San-Diego,-CA-92108",345000.0,2020-02-27
"1109-Dennison-St,-Little-Rock,-AR-72202",36525.0,2000-04-18
"17319-Acorn-Rdg,-Eden-Prairie,-MN-55347",741000.0,2016-09-01
"625-Prendergast-Ave,-Apt-3,-Jamestown,-NY-14701",0.0,unknown
"475-N-Highland-St,-Apt-3F,-Memphis,-TN-38122",93500.0,1999-01-01
"1560-Central-Ave,-Unit-440,-Saint-Petersburg,-FL-33705",0.0,unknown
"7020-Henry-Quincy-Way,-Charlotte,-NC-28277",419000.0,2019-11-21
"61023-Amethyst-St,-Bend,-OR-97702",480000.0,2020-11-10
"6704-Nantucket-Ln,-Arlington,-TX-76001",0.0,2023-09-22
"273-Jaimes-Ln,-Atoka,-TN-38004",117700.0,1996-12-30
"134-Palarm-Creek-Rd,-Conway,-AR-72032",0.0,unknown
"3482-Big-Sur-Dr,-Las-Vegas,-NV-89122",85500.0,2005-04-29
"2432-S-15th-Ave,-Broadview,-IL-60155",0.0,unknown
"631-W-Greenfield-St,-Elkhorn,-WI-53121",179900.0,2017-05-15
"1300-Se-1st-St,-Apt-5,-Fort-Lauderdale,-FL-33301",0.0,unknown
"1500-Hamilton-St,-Apt-736,-Philadelphia,-PA-19130",0.0,unknown
"9220-Bradford-Forest-Dr,-Harrisburg,-NC-28075",589000.0,2002-11-27
"565-Sparks-Blvd,-Apt-BF618,-Sparks,-NV-89434",0.0,unknown
"626-Apple-Orchard-Cir,-Berkeley-Springs,-WV-25411",0.0,unknown
"10462-E-Olla-Ave,-Mesa,-AZ-85212",442000.0,2021-05-06
"16151-Silverleaf-Dr,-San-Lorenzo,-CA-94580",375000.0,2011-09-29
"5408-Brooks-St,-Rio-Grande-City,-TX-78582",0.0,unknown
"2109-Elfen-Gln,-Van-Buren,-AR-72956",160000.0,2013-06-21
"586-W-Mount-Maria-Rd,-Spruce,-MI-48762",99000.0,2020-08-21
"105-S-12th-St,-Apt-C6,-Murray,-KY-42071",0.0,unknown
"7463-S-Via-Rancho-Ln,-Costa,-Tucson,-AZ-85756",285990.0,2021-03-19
"324-Saint-Francis-Way,-Knoxville,-TN-37919",0.0,unknown
"2391-Sample-Ave,-Clovis,-CA-93611",0.0,unknown
"102-Long-St,-Morganton,-NC-28655",71000.0,2018-10-24
"39670-Highview-Dr,-Oakhurst,-CA-93644",0.0,unknown
"505-Forest-St,-Martinsville,-VA-24112",26500.0,2018-07-06
"1111-Chamboard-Ln,-Houston,-TX-77018",0.0,2008-07-23
"13645-E-Colonial-Dr,-Apt-168,-Orlando,-FL-32826",0.0,unknown
"2449-E-Club-Dr-NE,-Apt-114,-Brookhaven,-GA-30319",0.0,unknown
"2701-Hillsboro-Ave-N,-Apt-309,-Minneapolis,-MN-55427",0.0,unknown
"290-Hanover-Rd,-York,-PA-17408",0.0,unknown
"6034-S-12th-Pl,-Phoenix,-AZ-85042",85000.0,2007-09-19
"1217-Bellaire-Dr-NE,-Brookhaven,-GA-30319",756500.0,2020-02-19
"610-E-North-St,-Apt-7,-Greenville,-SC-29601",0.0,unknown
"96-Franklin-Square-Dr,-Apt-107,-Munford,-TN-38058",0.0,unknown
"509-Wentworth-Ave,-Battle-Creek,-MI-49015",222000.0,2020-01-22
"4140-Sw-53rd-Ave,-Portland,-OR-97221",487500.0,2014-09-02
"1100-16th-St,-Clarkston,-WA-99403",0.0,unknown
"327-Cedar-Ridge-Rd,-Randleman,-NC-27317",0.0,unknown
"628A-7-1-2-St-SW,-Charlottesville,-VA-22903",0.0,unknown
"375-Meadow-Ln,-Mooresville,-NC-28115",0.0,unknown
"4200-Veterans-Memorial-Blvd,-Metairie,-LA-70006",0.0,unknown
"17511-Ohio-Canal-Ct,-Humble,-TX-77346",0.0,2019-06-26
"843-Wood-Ave,-Edison,-NJ-08820",348000.0,2015-10-16
"779-Briarcliff-Dr,-Orange-City,-FL-32763",135000.0,2014-05-09
"3185-Dove-Ln,-Mulberry,-FL-33860",35000.0,1975-06-01
"8745-Steelhead-Ct,-Reno,-NV-89523",224882.0,1998-05-29
"568-Past-St,-Palmetto,-GA-30268",0.0,unknown
"78-Tuscarora-Ave,-Beaufort,-SC-29907",0.0,unknown
"45-313-Namoku-St,-Kaneohe,-HI-96744",0.0,unknown
"461-Coopers-Way,-Centerton,-AR-72719",175000.0,2020-05-29
"3733-Autumn-Ln,-Baytown,-TX-77521",0.0,2020-10-07
"15411-Blackwell-Dr,-Omaha,-NE-68137",81000.0,1990-06-14
"515-W-Summit-Ave,-Coeur-D-Alene,-ID-83814",0.0,2010-01-07
"15-S-Church-St,-Unit-4,-Spring-City,-PA-19475",0.0,unknown
"1406-Bliss-St,-Belvidere,-IL-61008",168500.0,2016-01-21
"2100-Winsted-Ln,-Apt-A,-Austin,-TX-78703",0.0,unknown
"201-08-116th-Ave,-Saint-Albans,-NY-11412",0.0,unknown
"901-44th-Ave-NE,-Saint-Petersburg,-FL-33703",100000.0,2010-06-25
"6186-Zachary-Ave,-Springfield,-OH-45502",0.0,unknown
"91-1079-Kaupea-St,-Kapolei,-HI-96707",0.0,unknown
"460-W-Hintz-Rd,-Wheeling,-IL-60090",0.0,unknown
"5237-Magellan-Way-W,-Delray-Beach,-FL-33484",420000.0,2024-01-30
"1379-Land-Grove-Dr,-Kernersville,-NC-27284",215500.0,2018-10-22
"8735-Crampton-Dr,-Powell,-OH-43065",222500.0,2003-07-30
"67-Lagoon-Rd,-Statesboro,-GA-30461",0.0,unknown
"25267-18th-St,-San-Bernardino,-CA-92404",100000.0,2009-10-02
"Carthage-Rd,-West-End,-NC-27376",0.0,unknown
"5286-24th-St,-Detroit,-MI-48208",21600.0,2008-07-10
"2108-E-Woodstone-Dr,-Hayden,-ID-83835",0.0,2012-03-15
"1348-Yadkinville-Rd,-Mocksville,-NC-27028",0.0,unknown
"10243-Classic-Oak-Rd-N,-Jacksonville,-FL-32225",125000.0,2010-08-05
"1406-E-6th-Ave,-Brodhead,-WI-53520",0.0,unknown
"505-N-Maple-St,-Searcy,-AR-72143",0.0,unknown
"602-4th-St-S,-Northwood,-IA-50459",0.0,unknown
"30264-Lands-End-Pl,-Canyon-Lake,-CA-92587",810000.0,2016-09-28
"7992-N-Indian-Rd-E,-Dry-Fork,-UT-84078",0.0,unknown
"7142-S-Maplewood-Ave,-Chicago,-IL-60629",33500.0,2013-03-22
"2727-W-43rd-St,-Apt-410,-Minneapolis,-MN-55410",181500.0,2018-05-09
"704-Walnut-Ridge-Ests,-Pottstown,-PA-19464",0.0,unknown
"11839-Loma-Dr,-Apt-8,-Whittier,-CA-90604",0.0,unknown
"3327-Las-Vegas-Blvd-S,-Ste-1560,-Las-Vegas,-NV-89109",0.0,unknown
"6033-W-Bethany-Home-Rd,-Apt-804,-Glendale,-AZ-85301",0.0,unknown
"11505-Pace-Bend-Ct,-Gibsonton,-FL-33534",4243500.0,2019-07-01
"297-County-Hwy,-241,-Benton,-MO-63736",0.0,2019-04-19
"824-Pecos-River-Dr,-Granbury,-TX-76048",0.0,1999-04-13
"202-Crossroads-Cir,-Montrose,-CO-81401",0.0,unknown
"2-W-Rawhide-Ave,-Gilbert,-AZ-85233",50000.0,2019-03-07
"5103-Concordia-St,-Fairfax,-VA-22032",610000.0,2017-03-24
"11211-Nw-7th-St,-Apt-2,-Miami,-FL-33172",0.0,unknown
"5606-Dalrymple-Rd,-Minneapolis,-MN-55424",350000.0,2000-10-23
"1544-S-53rd-St,-Philadelphia,-PA-19143",0.0,unknown
"300-Mercer-St,-Apt-30J,-New-York,-NY-10003",0.0,unknown
"627-Cory-St,-Bessemer,-AL-35020",0.0,unknown
"PO-Box-527,-Harrison,-NJ-07029",0.0,unknown
"12-Huntington-Ln,-Willingboro,-NJ-08046",0.0,unknown
"10721-Emerald-Park-Ln,-Fort-Worth,-TX-76052",0.0,2006-10-16
"315-May-Oak-Rd,-Columbia,-SC-29229",227000.0,2023-09-29
"2070-World-Parkway-Blvd,-Apt-20,-Clearwater,-FL-33763",59428.0,1996-06-12
"105-S-Alarcon-St,-Unit-A,-Prescott,-AZ-86303",1618000.0,2020-12-17
"1636-Hull-Ave,-Apt-202,-Des-Moines,-IA-50313",0.0,unknown
"2441-Carlmont-Dr,-Apt-306,-Belmont,-CA-94002",0.0,unknown
"11151-Trinity-River-Dr,-Rancho-Cordova,-CA-95670",450000.0,2020-06-30
"1725-Tillstream-Dr,-Orlando,-FL-32818",106900.0,1997-05-01
"1241-5th-St,-Whitehall,-PA-18052",0.0,unknown
"22271-E-Bellewood-Pl,-Aurora,-CO-80015",408000.0,2017-07-07
"14-Santa-Cruz-Dr,-Florissant,-MO-63031",80000.0,2000-06-07
"1595-Mono-Ave,-San-Leandro,-CA-94578",0.0,unknown
"1825-Oates-Dr,-Apt-722,-Mesquite,-TX-75150",0.0,unknown
"506-Hiawatha-Trl,-Georgetown,-KY-40324",0.0,unknown
"9136-Trail-Ct,-Jonesboro,-GA-30238",118000.0,2003-09-15
"101-E-10th-St,-Ste-4G,-New-York-City,-NY-10003",0.0,unknown
"2434-Covey-Ct,-Santa-Rosa,-CA-95403",735000.0,2022-08-29
"3318-Saint-James-Pl,-Falls-Church,-VA-22042",160000.0,1990-08-21
"1627-Woodhaven-Ct,-Mundelein,-IL-60060",121500.0,2000-02-28
"18335-Sagebrush-Trl,-Desert-Hot-Springs,-CA-92241",0.0,unknown
"PO-Box-2006,-Denham-Springs,-LA-70727",0.0,unknown
"9758-Old-Lincoln-Trl,-Fairview-Heights,-IL-62208",0.0,unknown
"2457-S-Palmetto-Ave,-Sanford,-FL-32771",260100.0,2020-09-29
"J5-The-Mdws,-Clifton,-NJ-07012",0.0,unknown
"65-Cambridge-Ave,-Jersey-City,-NJ-07307",400000.0,2018-04-10
"1491-Pompey-Dr,-San-Jose,-CA-95128",1420000.0,2023-08-02
"257-Deerwood-Cir,-Unit-2-9,-Naples,-FL-34113",174000.0,2020-09-29
"933-West-Blvd,-Hartford,-CT-06105",0.0,unknown
"1500-Holly-Ln-NE,-Atlanta,-GA-30329",219900.0,2003-11-14
"1019-Sw-39th-St,-San-Antonio,-TX-78237",0.0,2010-09-30
"256-E-Gas-Ave,-York,-PA-17403",75000.0,2022-10-25
"1806-N-Culberson-St,-Gainesville,-TX-76240",0.0,2021-10-01
"2520-Sea-Robin-Rd,-Pensacola,-FL-32526",119000.0,2019-09-27
"Big-Woods-Rd,-Smyrna,-DE-19977",0.0,unknown
"106-Anita-Dr,-Egg-Harbor-Township,-NJ-08234",340000.0,2021-10-14
"231-S-Cherry-St,-Itasca,-IL-60143",300000.0,2020-12-08
"1521-N-Elk-Grove-Ave,-Chicago,-IL-60622",0.0,unknown
"2613-N-Prospect-Ave,-Springfield,-MO-65803",0.0,unknown
"917-Katie-Cir,-Royersford,-PA-19468",161000.0,2002-12-27
"18055-Manning-Dr,-Prairieville,-LA-70769",0.0,unknown
"20748-W-Grant-Mine-Rd,-Wittmann,-AZ-85361",0.0,unknown
"5500-Broken-Sound-Blvd-NW,---2-1202,-Boca-Raton,-FL-33487",0.0,unknown
"10122-Harvest-Gold-Dr,-Charlotte,-NC-28215",530000.0,2021-08-20
"117-Pinckney-Pl,-Aiken,-SC-29803",0.0,unknown
"16-Prospect-St,-Waterville,-ME-04901",0.0,unknown
"14-Langdon-Ct,-Sicklerville,-NJ-08081",85000.0,2020-11-09
"4805-Hahns-Peak-Dr,-Unit-204,-Loveland,-CO-80538",125000.0,2010-10-27
"517-S-Moon-Rd,-Apache-Junction,-AZ-85119",640000.0,2021-04-01
"4127-Sunnyside-Ave,-Baltimore,-MD-21215",23274.0,2007-01-16
"202-Southland-Dr,-Sanger,-TX-76266",0.0,2006-06-15
"1938-Kingston-Rd,-Farmington,-UT-84025",0.0,2020-08-19
"277-Mark-Ave,-Glendale-Heights,-IL-60139",157000.0,2013-05-02
"139-S-15th-Ave,-Maywood,-IL-60153",0.0,unknown
"3579-Warfield-Rd,-Graham,-NC-27253",24000.0,2015-10-29
"4261-Edelweiss-Dr,-Plainfield,-IN-46168",0.0,2019-12-16
"3951-Forestside-Dr,-Columbus,-GA-31907",10000.0,2015-03-20
"7570-W-Flamingo-Rd,-Unit-159,-Las-Vegas,-NV-89147",94500.0,2016-05-12
"410-Market-St,-Galveston,-TX-77550",0.0,unknown
"8633-Barrique-Rd,-New-Kent,-VA-23124",0.0,unknown
"11057-Sw-3rd-St,-Unit-11057,-Sweetwater,-FL-33174",680000.0,2023-07-06
"581-Roosevelt-Hall,-Ypsilanti,-MI-48197",0.0,unknown
"355-N-Boise-Ave,-Loveland,-CO-80537",1930000.0,2018-10-09
"1500-The-Plz,-Charlotte,-NC-28205",416500.0,2013-09-27
"1007-Quail-Hollow-Dr,-Mary-Esther,-FL-32569",285000.0,2021-07-16
"101-Boucher-Ln,-Ligonier,-PA-15658",0.0,unknown
"130-Dwight-St,-Waterbury,-CT-06704",82000.0,2017-01-03
"4899-Smithfield-Dr,-Manchester,-MD-21102",475000.0,2019-07-16
"42-Chester-St,-West-Springfield,-MA-01089",0.0,unknown
"82-Crow-Creek-Rd,-Darby,-MT-59829",0.0,unknown
"22-Lake-Julia-Dr-S,-Ponte-Vedra-Beach,-FL-32082",975000.0,2020-10-27
"2410-Everest-Pkwy,-Cape-Coral,-FL-33904",140000.0,1996-07-23
"1388-Laurel-Hill-Dr,-Clermont,-FL-34711",130500.0,2009-04-09
"600-Beverly-Ave-E,-Sherwood,-AR-72120",57000.0,1986-08-01
"729-Daniel-Freeman-Cir,-Inglewood,-CA-90301",1053500.0,2021-09-14
"4400-Kingfish-Ln,-Unit-1,-Panama-City-Beach,-FL-32408",0.0,unknown
"1632-Ne-Prescott-St,-Apt-6,-Portland,-OR-97211",0.0,unknown
"PO-Box-2621,-Weatherford,-TX-76086",0.0,unknown
"1702-Parkway-Dr,-Lubbock,-TX-79403",0.0,unknown
"4347-Beachside-Two-Dr,-Unit-4347,-Miramar-Beach,-FL-32550",0.0,unknown
"31-Oakview-Ter,-Unit-2,-Boston,-MA-02130",0.0,unknown
"810-Sycamore-St,-Ste-609,-Cincinnati,-OH-45202",0.0,unknown
"4001-Airport-Fwy,-Ste-400,-Bedford,-TX-76021",0.0,unknown
"386-Whitecliff-Dr,-Ellijay,-GA-30540",0.0,unknown
"6002-S-82nd-St,-Unit-1A,-Tampa,-FL-33619",0.0,unknown
"42-Acorn-Ct,-Zion-Crossroads,-VA-22942",303913.0,2009-10-27
"8445-Graves-Ave,-Unit-6,-Santee,-CA-92071",375000.0,2021-08-10
"4844-Tarragon-Ln,-Grand-Prairie,-TX-75052",0.0,2010-06-10
"10319-Denison-Ave,-Cupertino,-CA-95014",350000.0,1990-05-25
"14120-Sw-168th-Ln,-Miami,-FL-33177",121800.0,1997-08-29
"730-Hawks-Crest-Ln,-Blacklick,-OH-43004",272900.0,2006-12-15
"1696-Snows-Mill-Rd,-Monroe,-GA-30655",50000.0,2005-07-06
"1511-W-Speedway-Blvd,-Tucson,-AZ-85745",0.0,unknown
"1419-El-Camino-Real,-Santa-Clara,-CA-95050",0.0,unknown
"350-Hillside-Dr,-New-Cumberland,-PA-17070",142000.0,1996-06-18
"862-Bridgewood-Dr,-Rock-Hill,-SC-29732",131800.0,2014-10-02
"PO-Box-366,-Conestee,-SC-29636",0.0,unknown
"5117-Saratoga-Ave,-Bethesda,-MD-20816",220500.0,1994-05-13
"20550-150th-St,-Carroll,-IA-51401",0.0,unknown
"213-Bridle-Ln,-Washington,-PA-15301",364780.0,2020-07-01
"3404-Ribbon-Reef-Ln,-Austin,-TX-78728",0.0,2010-07-30
"208-Lakeside-Dr,-Newport,-NC-28570",0.0,unknown
"497-Spring-Lake-Dr,-Melbourne,-FL-32940",396200.0,1989-09-01
"4700-Catawba-River-Rd,-Edgemoor,-SC-29712",0.0,unknown
"18800-Cohasset-St,-Unit-B,-Los-Angeles,-CA-91335",0.0,unknown
"433-Hoopers-Creek-Rd,-Fletcher,-NC-28732",0.0,unknown
"2945-Avenida-Valera,-Carlsbad,-CA-92009",820000.0,2014-02-24
"11223-Ratliffe-St,-Norwalk,-CA-90650",265002.0,2009-01-28
"470-El-Portal-Dr,-Merced,-CA-95340",118000.0,2011-04-15
"6067-Warbling-Ln,-Westerville,-OH-43081",146900.0,2001-12-27
"74-Clemmer-Ave,-Akron,-OH-44313",239714.0,2020-10-13
"2229-Via,-Firenze,-Henderson,-NV-89044",242008.0,2017-03-16
"5111-Bonnedale-Ct,-Tampa,-FL-33624",220000.0,2020-04-03
"9-Short-24th-Ave-E,-Tuscaloosa,-AL-35404",0.0,unknown
"485-Brown-Thrasher-Ct,-Alpharetta,-GA-30009",286000.0,2017-01-20
"15400-Sw-81st-Cir-Ln,-Apt-1011,-Miami,-FL-33193",0.0,unknown
"5-Running-Brook-Rd,-Waterbury,-CT-06704",0.0,unknown
"2100-Augusta-Blvd,-Apt-134,-Fairfield,-OH-45014",90000.0,2018-10-02
"10530-Secretariat-Dr,-Indianapolis,-IN-46234",0.0,2012-06-14
"445-S-Shelby-St,-Hobart,-IN-46342",0.0,unknown
"1-Lucier-St,-Nashua,-NH-03064",0.0,unknown
"12549-Wissant-Ln,-Saint-Louis,-MO-63146",0.0,unknown
"4660-Marysville-Rd,-Delaware,-OH-43015",0.0,unknown
"1536-Greenbriar-Blvd,-Boulder,-CO-80305",652000.0,2020-02-27
"3141-Glennhaven-Dr,-Byram,-MS-39272",0.0,2010-04-16
"603-E-9th-St,-Washington,-NC-27889",265000.0,1992-06-30
"132-Herndon-Dr,-Evansville,-IN-47711",100000.0,2020-02-03
"3402-Griffin-Rd,-Fort-Lauderdale,-FL-33312",0.0,unknown
"2291-Peeksville-Rd,-Locust-Grove,-GA-30248",132500.0,2001-04-06
"1913-Michelle-Ct,-Grove-City,-OH-43123",0.0,unknown
"158-Midwood-Ave,-Waterbury,-CT-06708",230000.0,2015-08-20
"408-Winter-Park-Dr,-O-Fallon,-MO-63366",0.0,2011-06-30
"3230-Brawner-Pkwy,-Corpus-Christi,-TX-78411",0.0,2007-03-26
"815-Kilsyth-Rd,-Elizabeth,-NJ-07208",310500.0,2010-08-23
"815-1st-St,-Augusta,-GA-30901",6500.0,2013-12-03
"36550-Chester-Rd,-Apt-2702,-Avon,-OH-44011",0.0,unknown
"29015-Abbey-Grove-Ln,-Katy,-TX-77494",0.0,2020-12-14
"1417-S-Camlan-Ln-W,-Springville,-UT-84663",0.0,unknown
"1803-Sw-Stallings-Dr,-Ste-1,-Nacogdoches,-TX-75964",0.0,unknown
"Rolling-Hls,-Lot-8,-Viroqua,-WI-54665",0.0,unknown
"2316-Wyoming-St,-Carlsbad,-NM-88220",0.0,unknown
"20-Washington-St,-Apt-49,-Methuen,-MA-01844",81000.0,1996-06-28
"850-Sw-7th-St,-Fort-Lauderdale,-FL-33315",0.0,unknown
"4923-W-31st-St,-Little-Rock,-AR-72204",0.0,unknown
"1335-Scott-Ave,-Fort-Wayne,-IN-46807",48500.0,2022-10-07
"105-Dakota-Dr,-Rio-Grande-City,-TX-78582",0.0,2008-05-05
"2980-Delmar-Ln-NW,-Apt-H7,-Atlanta,-GA-30311",0.0,unknown
"18936-Nw-85th-Ave,-Apt-2606,-Hialeah,-FL-33015",174000.0,2005-01-28
"227-Center-St,-Canandaigua,-NY-14424",0.0,unknown
"95-E-King-St,-Dallastown,-PA-17313",260000.0,2020-08-14
"1612-Houston-Blvd,-Apt-13,-South-Houston,-TX-77587",0.0,unknown
"919-W-Prince-Rd,-Tucson,-AZ-85705",0.0,unknown
"9177-S-South-Chicago-Ave,-Apt-602,-Chicago,-IL-60617",0.0,unknown
"2970-N-Cardell-Cir,-Tucson,-AZ-85712",127420.0,2002-08-13
"7-Di-Lago-Park-Place-Dr,-Shady-Shores,-TX-76208",0.0,2014-05-15
"21258-Woodland-Way,-Shorewood,-IL-60404",0.0,unknown
"6433-Birchcrest-Ct,-Las-Vegas,-NV-89108",80000.0,2010-02-19
"3548-Paradise-Dr,-Laredo,-TX-78046",0.0,unknown
"2029-Airport-Rd,-Whispering-Pines,-NC-28327",200000.0,2019-10-15
"12551-S-Ocotillo-Ridge-Trl,-Vail,-AZ-85641",146000.0,2020-08-12
"3437-Decoursey-Ave,---2,-Covington,-KY-41015",0.0,unknown
"929-E-Foothill-Blvd,-Spc-149,-Upland,-CA-91786",0.0,unknown
"4171-Cumbrian-Gardens-Ln,-Jacksonville,-FL-32257",186000.0,2018-05-08
"PO-Box-36,-Silver-Spring,-PA-17575",0.0,unknown
"607-W-Provential-Dr,-Apt-8,-Anaheim,-CA-92805",0.0,unknown
"2300-Wilshire-Blvd,-Unit-201,-Santa-Monica,-CA-90403",0.0,unknown
"Morris-Shepherd-Dr,-Unit-7,-Brownwood,-TX-76801",0.0,unknown
"34665-Sherwood-Dr,-Solon,-OH-44139",0.0,unknown
"9612-Mathog-Rd,-Riverview,-FL-33578",76000.0,1997-09-10
"737-Woodfield-Rd,-Villanova,-PA-19085",0.0,unknown
"1356-E-11th-St,-Casa-Grande,-AZ-85122",185000.0,2014-04-22
"2803-N-22nd-St,-Tampa,-FL-33605",0.0,unknown
"11807-Highgrove-Dr,-Houston,-TX-77077",0.0,2021-05-17
"6741-Day-St,-Tujunga,-CA-91042",635006.0,2004-04-22
"6407-Beechwood-St,-Detroit,-MI-48210",0.0,unknown
"1206-Ambrose-Dr,-Salado,-TX-76571",0.0,2002-05-23
"PO-Box-519,-Union,-SC-29379",0.0,unknown
"4153-Rialto-Ave,-Clovis,-CA-93619",440000.0,2021-08-30
"7034-Golden-Crst,-Elkridge,-MD-21075",280000.0,2018-04-19
"952-Plymouth-Sorrento-Rd,-Apopka,-FL-32712",290000.0,1998-04-27
"5111-Mckittrick-Canyon-Dr,-Austin,-TX-78759",0.0,2021-10-28
"PO-Box-453,-Westville,-NJ-08093",0.0,unknown
"34-Wax-Myrtle-Ct,-Hilton-Head-Island,-SC-29926",250000.0,2004-05-06
"801-East-Dr,-Edmond,-OK-73034",180000.0,2008-04-23
"837-Worcester-Dr,-Schenectady,-NY-12309",0.0,unknown
"259-Lee-Rd,-601,-Phenix-City,-AL-36870",0.0,unknown
"617-Hillside-Rd,-Glenview,-IL-60025",900000.0,2022-07-01
"15422-Carrillon-Estates-Blvd,-Tampa,-FL-33625",332200.0,2004-11-23
"1122-Nw-4th-St,-Meridian,-ID-83642",0.0,2021-08-27
"230-Sharon-Rd,-Arcadia,-CA-91007",0.0,unknown
"180-Cimarron-Ct,-Apt-E,-Oshkosh,-WI-54902",0.0,unknown
"7635-Concord-Rd,-Beaumont,-TX-77708",0.0,unknown
"109-Freestone-St,-Greenville,-SC-29605",0.0,unknown
"82-Cliffwood-Ave,-Unit-38,-Cliffwood,-NJ-07721",0.0,unknown
"4401-Cedar-Ave,-Pikesville,-MD-21208",128000.0,2016-11-14
"7945-Cobblesprings-Dr,-Avon,-IN-46123",0.0,2022-06-21
"PO-Box-81,-Concord,-NC-28026",0.0,unknown
"7400-Windsor-Woods-Dr,-Apt-2C,-Canton,-MI-48187",0.0,unknown
"6208-202nd-St-SW,-Unit-63,-Lynnwood,-WA-98036",0.0,unknown
